,SampleID,TM_BAM,ichorCNA
0,K0001,/mnt/BACKUP_NAS05/ECDTM_repository/align/17-K0001TCT1_M588-M788.deduplicated.bam,0.0573
1,K0003,/mnt/BACKUP_NAS05/ECDTM_repository/align/18-K0003TCT1_M590-M790.deduplicated.bam,0.06758
2,K0004,/mnt/BACKUP_NAS05/ECDTM_repository/align/19-K0004TCT1_M591-M791.deduplicated.bam,0.05959
3,K0006,/mnt/BACKUP_NAS05/ECDTM_repository/align/21-K0006TCT1_M593-M793.deduplicated.bam,0.0
4,K0007,/mnt/BACKUP_NAS05/ECDTM_repository/align/22-K0007TCT1_M594-M794.deduplicated.bam,0.03697
5,K0008,/mnt/BACKUP_NAS05/ECDTM_repository/align/23-K0008TCT1_M595-M795.deduplicated.bam,0.0
6,K0009,/mnt/BACKUP_NAS05/ECDTM_repository/align/24-K0009TCT1_M596-M796.deduplicated.bam,0.04563
7,K0010,/mnt/BACKUP_NAS05/ECDTM_repository/align/25-K0010TCT1_M549-M749.deduplicated.bam,0.0
8,K0011,/mnt/BACKUP_NAS05/ECDTM_repository/align/26-K0011TCT1_M550-M750.deduplicated.bam,0.0
9,K0012,/mnt/BACKUP_NAS05/ECDTM_repository/align/27-K0012TCT1_M551-M751.deduplicated.bam,0.05968
10,K0013,/mnt/BACKUP_NAS05/ECDTM_repository/align/28-K0013TCT1_M552-M752.deduplicated.bam,0.0653
11,K0014,/mnt/BACKUP_NAS05/ECDTM_repository/align/29-K0014TCT1_M553-M753.deduplicated.bam,0.0
12,K0015,/mnt/BACKUP_NAS05/ECDTM_repository/align/30-K0015TCT1_M554-M754.deduplicated.bam,0.06595
13,K0016,/mnt/BACKUP_NAS05/ECDTM_repository/align/31-K0016TCT1_M555-M755.deduplicated.bam,0.07045
14,K0017,/mnt/BACKUP_NAS05/ECDTM_repository/align/32-K0017TCT1_M556-M756.deduplicated.bam,0.06697
15,K0018,/mnt/BACKUP_NAS05/ECDTM_repository/align/31-K0018TCT2_M557-M757.deduplicated.bam,0.02365
16,K0019,/mnt/BACKUP_NAS05/ECDTM_repository/align/32-K0019TCT2_M558-M758.deduplicated.bam,0.02894
17,K0020,/mnt/BACKUP_NAS05/ECDTM_repository/align/33-K0020TCT2_M559-M759.deduplicated.bam,0.03015
18,K0021,/mnt/BACKUP_NAS05/ECDTM_repository/align/34-K0021TCT2_M560-M760.deduplicated.bam,0.0348
19,K0022,/mnt/BACKUP_NAS05/ECDTM_repository/align/35-K0022TCT2_M561-M761.deduplicated.bam,0.02692
20,K0023,/mnt/BACKUP_NAS05/ECDTM_repository/align/36-K0023TCT2_M562-M762.deduplicated.bam,0.02697
21,K0024,/mnt/BACKUP_NAS05/ECDTM_repository/align/37-K0024TCT2_M563-M763.deduplicated.bam,0.03447
22,K0025,/mnt/BACKUP_NAS05/ECDTM_repository/align/33-K0025TCT4_M562-M762.deduplicated.bam,0.0
23,K0026,/mnt/BACKUP_NAS05/ECDTM_repository/align/38-K0026TCT2_M568-M768.deduplicated.bam,0.034
24,K0027,/mnt/BACKUP_NAS05/ECDTM_repository/align/39-K0027TCT2_M569-M769.deduplicated.bam,0.02655
25,K0028,/mnt/BACKUP_NAS05/ECDTM_repository/align/34-K0028TCT4_M563-M763.deduplicated.bam,0.04335
26,K0029,/mnt/BACKUP_NAS05/ECDTM_repository/align/35-K0029TCT4_M564-M764.deduplicated.bam,0.0418
27,K0030,/mnt/BACKUP_NAS05/ECDTM_repository/align/36-K0030TCT4_M565-M765.deduplicated.bam,0.06558
28,K0031,/mnt/BACKUP_NAS05/ECDTM_repository/align/37-K0031TCT4_M566-M766.deduplicated.bam,0.05078
29,K0032,/mnt/BACKUP_NAS05/ECDTM_repository/align/38-K0032TCT4_M567-M767.deduplicated.bam,0.06568
30,K0033,/mnt/BACKUP_NAS05/ECDTM_repository/align/40-K0033TCT2_M575-M775.deduplicated.bam,0.02949
31,K0037,/mnt/BACKUP_NAS05/ECDTM_repository/align/41-K0037TCT4_M570-M770.deduplicated.bam,0.0557
32,K0038,/mnt/BACKUP_NAS05/ECDTM_repository/align/42-K0038TCT2_M580-M780.deduplicated.bam,0.01874
33,K0039,/mnt/BACKUP_NAS05/ECDTM_repository/align/42-K0039TCT4_M571-M771.deduplicated.bam,0.05457
34,K0040,/mnt/BACKUP_NAS05/ECDTM_repository/align/43-K0040TCT2_M582-M782.deduplicated.bam,0.0
35,K0041,/mnt/BACKUP_NAS05/ECDTM_repository/align/43-K0041TCT4_M572-M772.deduplicated.bam,0.04874
36,K0042,/mnt/BACKUP_NAS05/ECDTM_repository/align/44-K0042TCT2_M584-M784.deduplicated.bam,0.0
37,K0043,/mnt/BACKUP_NAS05/ECDTM_repository/align/44-K0043TCT4_M573-M773.deduplicated.bam,0.05499
38,K0044,/mnt/BACKUP_NAS05/ECDTM_repository/align/45-K0044TCT4_M574-M774.deduplicated.bam,0.06431
39,K0047,/mnt/BACKUP_NAS05/ECDTM_repository/align/47-K0047TCT4_M577-M777.deduplicated.bam,0.08295
40,K0048,/mnt/BACKUP_NAS05/ECDTM_repository/align/48-K0048TCT4_M578-M778.deduplicated.bam,0.0
41,K0049,/mnt/BACKUP_NAS05/ECDTM_repository/align/102-K0049CT11T_M584-M784.deduplicated.bam,0.06997
42,K0050,/mnt/BACKUP_NAS05/ECDTM_repository/align/1-K0050TCT3_M592-M792.deduplicated.bam,0.0453
43,K0051,/mnt/BACKUP_NAS05/ECDTM_repository/align/2-K0051TCT3_M593-M793.deduplicated.bam,0.05759
44,K0052,/mnt/BACKUP_NAS05/ECDTM_repository/align/3-K0052TCT3_M594-M794.deduplicated.bam,0.04753
45,K0053,/mnt/BACKUP_NAS05/ECDTM_repository/align/4-K0053TCT3_M595-M795.deduplicated.bam,0.05561
46,K0054,/mnt/BACKUP_NAS05/ECDTM_repository/align/5-K0054TCT3_M596-M796.deduplicated.bam,0.08649
47,K0055,/mnt/BACKUP_NAS05/ECDTM_repository/align/6-K0055TCT3_M549-M749.deduplicated.bam,0.04097
48,K0056,/mnt/BACKUP_NAS05/ECDTM_repository/align/7-K0056TCT3_M550-M750.deduplicated.bam,0.04201
49,K0057,/mnt/BACKUP_NAS05/ECDTM_repository/align/8-K0057TCT3_M551-M751.deduplicated.bam,0.06228
50,K0058,/mnt/BACKUP_NAS05/ECDTM_repository/align/9-K0058TCT3_M552-M752.deduplicated.bam,0.0
51,K0059,/mnt/BACKUP_NAS05/ECDTM_repository/align/10-K0059TCT3_M553-M753.deduplicated.bam,0.07638
52,K0060,/mnt/BACKUP_NAS05/ECDTM_repository/align/11-K0060TCT3_M554-M754.deduplicated.bam,0.05689
53,K0061,/mnt/BACKUP_NAS05/ECDTM_repository/align/K0061.deduplicated.bam,0.04771
54,K0062,/mnt/BACKUP_NAS05/ECDTM_repository/align/K0062.deduplicated.bam,0.04479
55,K0064,/mnt/BACKUP_NAS05/ECDTM_repository/align/K0064.deduplicated.bam,0.04485
56,K0065,/mnt/BACKUP_NAS05/ECDTM_repository/align/38-K0065CT17T_M549-M749.deduplicated.bam,0.0
57,K0066,/mnt/BACKUP_NAS05/ECDTM_repository/align/31-K0066CT9T_M550-M750.deduplicated.bam,0.04238
58,K0067,/mnt/BACKUP_NAS05/ECDTM_repository/align/K0067.deduplicated.bam,0.0485
59,K0068,/mnt/BACKUP_NAS05/ECDTM_repository/align/K0068.deduplicated.bam,0.06188
60,K0070,/mnt/BACKUP_NAS05/ECDTM_repository/align/K0070.deduplicated.bam,0.04464
61,K0071,/mnt/BACKUP_NAS05/ECDTM_repository/align/11-K0071TCT5_M591-M791.deduplicated.bam,0.03672
62,K0072,/mnt/BACKUP_NAS05/ECDTM_repository/align/K0072.deduplicated.bam,0.04225
63,K0073,/mnt/BACKUP_NAS05/ECDTM_repository/align/34-K0073KR1CT55T_M594-M794.deduplicated.bam,0.03906
64,K0074,/mnt/BACKUP_NAS05/ECDTM_repository/align/33-K0074CT9T_M552-M752.deduplicated.bam,0.0
65,K0076,/mnt/BACKUP_NAS05/ECDTM_repository/align/1-K0076CT6T_M556-M756.deduplicated.bam,0.05978
66,K0077,/mnt/BACKUP_NAS05/ECDTM_repo/R1746/align/31-K0077CT6T_M557-M757.deduplicated.bam,0.0
67,K0078,/mnt/BACKUP_NAS05/ECDTM_repo/R1746/align/32-K0078CT6T_M558-M758.deduplicated.bam,0.06749
68,K0079,/mnt/BACKUP_NAS05/ECDTM_repo/R1746/align/2-K0079CT6T_M559-M759.deduplicated.bam,0.04337
69,K0080,/mnt/BACKUP_NAS05/ECDTM_repo/R1746/align/3-K0080CT6T_M560-M760.deduplicated.bam,0.07971
70,K0081,/mnt/BACKUP_NAS05/ECDTM_repository/align/35-K0081KR1CT55T_M595-M795.deduplicated.bam,0.0613
71,K0082,/mnt/BACKUP_NAS05/ECDTM_repository/align/35-K0082CT9T_M554-M754.deduplicated.bam,0.05484
72,K0084,/mnt/BACKUP_NAS05/ECDTM_repository/align/37-K0084KR1CT55T_M549-M749.deduplicated.bam,0.03859
73,K0085,/mnt/BACKUP_NAS05/ECDTM_repo/R1746/align/4-K0085CT6T_M553-M753.deduplicated.bam,0.0
74,K0086,/mnt/BACKUP_NAS05/ECDTM_repo/R1746/align/5-K0086CT6T_M554-M754.deduplicated.bam,0.0
75,K0087,/mnt/BACKUP_NAS05/ECDTM_repository/align/6-K0087CT6T_M555-M755.deduplicated.bam,0.02436
76,K0088,/mnt/BACKUP_NAS05/ECDTM_repository/align/38-K0088CT9T_M557-M757.deduplicated.bam,0.0
77,K0092,/mnt/BACKUP_NAS05/ECDTM_repository/align/39-K0092CT9T_M558-M758.deduplicated.bam,0.05448
78,K0093,/mnt/BACKUP_NAS05/ECDTM_repository/align/40-K0093CT9T_M559-M759.deduplicated.bam,0.05836
79,K0094,/mnt/BACKUP_NAS05/ECDTM_repo/R1746/align/9-K0094CT6T_M562-M762.deduplicated.bam,0.0
80,K0095,/mnt/BACKUP_NAS05/ECDTM_repository/align/10-K0095CT6T_M563-M763.deduplicated.bam,0.0
81,K0096,/mnt/BACKUP_NAS05/ECDTM_repo/R1746/align/11-K0096CT6T_M564-M764.deduplicated.bam,0.05193
82,K0097,/mnt/BACKUP_NAS05/ECDTM_repo/R1746/align/12-K0097CT6T_M565-M765.deduplicated.bam,0.04194
83,K0099,/mnt/BACKUP_NAS05/ECDTM_repository/align/13-K0099CT6T_M567-M767.deduplicated.bam,0.0
84,K0100,/mnt/BACKUP_NAS05/ECDTM_repo/R1746/align/14-K0100CT6T_M568-M768.deduplicated.bam,0.05077
85,K0101,/mnt/BACKUP_NAS05/ECDTM_repository/align/42-K0101CT9T_M561-M761.deduplicated.bam,0.04817
86,K0102,/mnt/BACKUP_NAS05/ECDTM_repository/align/43-K0102CT9T_M562-M762.deduplicated.bam,0.0622
87,K0103,/mnt/BACKUP_NAS05/ECDTM_repository/align/1-K0103CT8T_M571-M771.deduplicated.bam,0.04238
88,K0104,/mnt/BACKUP_NAS05/ECDTM_repository/align/44-K0104CT9T_M563-M763.deduplicated.bam,0.04433
89,K0105,/mnt/BACKUP_NAS05/ECDTM_repository/align/45-K0105CT9T_M564-M764.deduplicated.bam,0.0
90,K0106,/mnt/BACKUP_NAS05/ECDTM_repository/align/37-K0106CT17T_M574-M774.deduplicated.bam,0.05999
91,K0107,/mnt/BACKUP_NAS05/ECDTM_repository/align/2-K0107CT8T_M575-M775.deduplicated.bam,0.05141
92,K0109,/mnt/BACKUP_NAS05/ECDTM_repository/align/4-K0109CT8T_M577-M777.deduplicated.bam,0.03651
93,K0111,/mnt/BACKUP_NAS05/ECDTM_repository/align/5-K0111CT8T_M578-M778.deduplicated.bam,0.0
94,K0113,/mnt/BACKUP_NAS05/ECDTM_repository/align/127-K0113CT12T_M586-M786.deduplicated.bam,0.0
95,K0114,/mnt/BACKUP_NAS05/ECDTM_repository/align/7-K0114CT8T_M581-M781.deduplicated.bam,0.0
96,K0115,/mnt/BACKUP_NAS05/ECDTM_repository/align/8-K0115CT8T_M582-M782.deduplicated.bam,0.07276
97,K0116,/mnt/BACKUP_NAS05/ECDTM_repository/align/9-K0116CT8T_M583-M783.deduplicated.bam,0.0
98,K0117,/mnt/BACKUP_NAS05/ECDTM_repository/align/10-K0117CT8T_M584-M784.deduplicated.bam,0.03585
99,K0119,/mnt/BACKUP_NAS05/ECDTM_repository/align/12-K0119CT8T_M586-M786.deduplicated.bam,0.0701
100,K0120,/mnt/BACKUP_NAS05/ECDTM_repository/align/13-K0120CT8T_M587-M787.deduplicated.bam,0.0
101,K0121,/mnt/BACKUP_NAS05/ECDTM_repository/align/14-K0121CT8T_M588-M788.deduplicated.bam,0.07476
102,K0122,/mnt/BACKUP_NAS05/ECDTM_repo/R1757/align/15-K0122CT8T_M589-M789.deduplicated.bam,0.04236
103,K0123,/mnt/BACKUP_NAS05/ECDTM_repository/align/46-K0123CT9T_M590-M790.deduplicated.bam,0.0577
104,K0124,/mnt/BACKUP_NAS05/ECDTM_repository/align/63-K0124CT10T_M591-M791.deduplicated.bam,0.05515
105,K0125,/mnt/BACKUP_NAS05/ECDTM_repository/align/64-K0125CT10T_M592-M792.deduplicated.bam,0.05382
106,K0126,/mnt/BACKUP_NAS05/ECDTM_repository/align/65-K0126CT10T_M593-M793.deduplicated.bam,0.04599
107,K0129,/mnt/BACKUP_NAS05/ECDTM_repository/align/68-K0129CT10T_M583-M783.deduplicated.bam,0.04762
108,K0130,/mnt/BACKUP_NAS05/ECDTM_repository/align/69-K0130CT10T_M584-M784.deduplicated.bam,0.03325
109,K0131,/mnt/BACKUP_NAS05/ECDTM_repository/align/128-K0131CT12T_M587-M787.deduplicated.bam,0.07289
110,K0133,/mnt/BACKUP_NAS05/ECDTM_repository/align/129-K0133CT12T_M589-M789.deduplicated.bam,0.05818
111,K0135,/mnt/BACKUP_NAS05/ECDTM_repository/align/131-K0135CT12T_M591-M791.deduplicated.bam,0.1103
112,K0136,/mnt/BACKUP_NAS05/ECDTM_repository/align/132-K0136CT12T_M592-M792.deduplicated.bam,0.07939
113,K0138,/mnt/BACKUP_NAS05/ECDTM_repository/align/70-K0138CT10T_M565-M765.deduplicated.bam,0.08734
114,K0139,/mnt/BACKUP_NAS05/ECDTM_repository/align/71-K0139CT10T_M566-M766.deduplicated.bam,0.0549
115,K0141,/mnt/BACKUP_NAS05/ECDTM_repository/align/72-K0141CT10T_M568-M768.deduplicated.bam,0.0713
116,K0142,/mnt/BACKUP_NAS05/ECDTM_repository/align/73-K0142CT10T_M569-M769.deduplicated.bam,0.0
117,K0143,/mnt/BACKUP_NAS05/ECDTM_repository/align/74-K0143CT10T_M570-M770.deduplicated.bam,0.05852
118,K0145,/mnt/BACKUP_NAS05/ECDTM_repository/align/75-K0145CT10T_M596-M796.deduplicated.bam,0.0408
119,K0146,/mnt/BACKUP_NAS05/ECDTM_repository/align/76-K0146CT10T_M573-M773.deduplicated.bam,0.04973
120,K0147,/mnt/BACKUP_NAS05/ECDTM_repository/align/77-K0147CT10T_M574-M774.deduplicated.bam,0.03665
121,K0148,/mnt/BACKUP_NAS05/ECDTM_repository/align/78-K0148CT10T_M575-M775.deduplicated.bam,0.04854
122,K0149,/mnt/BACKUP_NAS05/ECDTM_repository/align/95-K0149CT11T_M576-M776.deduplicated.bam,0.08669
123,K0151,/mnt/BACKUP_NAS05/ECDTM_repository/align/97-K0151CT11T_M578-M778.deduplicated.bam,0.0
124,K0153,/mnt/BACKUP_NAS05/ECDTM_repository/align/99-K0153CT11T_M580-M780.deduplicated.bam,0.0
125,K0154,/mnt/BACKUP_NAS05/ECDTM_repository/align/100-K0154CT11T_M581-M781.deduplicated.bam,0.0
126,K0155,/mnt/BACKUP_NAS05/ECDTM_repository/align/101-K0155CT11T_M582-M782.deduplicated.bam,0.0
127,K0156,/mnt/BACKUP_NAS05/ECDTM_repository/align/46-K0156CT17T_M592-M792.deduplicated.bam,0.06642
128,K0157,/mnt/BACKUP_NAS05/ECDTM_repository/align/47-K0157CT17T_M593-M793.deduplicated.bam,0.06767
129,K0158,/mnt/BACKUP_NAS05/ECDTM_repository/align/133-K0158CT12T_M595-M795.deduplicated.bam,0.07294
130,K0159,/mnt/BACKUP_NAS05/ECDTM_repository/align/134-K0159CT12T_M596-M796.deduplicated.bam,0.06025
131,K0161,/mnt/BACKUP_NAS05/ECDTM_repository/align/136-K0161CT12T_M550-M750.deduplicated.bam,0.05774
132,K0162,/mnt/BACKUP_NAS05/ECDTM_repository/align/137-K0162CT12T_M551-M751.deduplicated.bam,0.09587
133,K0164,/mnt/BACKUP_NAS05/ECDTM_repository/align/17-K0164CT24T_M579-M779.deduplicated.bam,0.04256
134,K0165,/mnt/BACKUP_NAS05/ECDTM_repository/align/48-K0165CT17T_M596-M796.deduplicated.bam,0.1111
135,K0166,/mnt/BACKUP_NAS05/ECDTM_repository/align/138-K0166CT12T_M555-M755.deduplicated.bam,0.0
136,K0167,/mnt/BACKUP_NAS05/ECDTM_repository/align/139-K0167CT12T_M556-M756.deduplicated.bam,0.09771
137,K0168,/mnt/BACKUP_NAS05/ECDTM_repository/align/140-K0168CT12T_M581-M781.deduplicated.bam,0.06227
138,K0169,/mnt/BACKUP_NAS05/ECDTM_repository/align/141-K0169CT12T_M558-M758.deduplicated.bam,0.04558
139,K0170,/mnt/BACKUP_NAS05/ECDTM_repository/align/142-K0170CT12T_M582-M782.deduplicated.bam,0.06638
140,K0171,/mnt/BACKUP_NAS05/ECDTM_repository/align/9-K0171CT19T_M565-M765.deduplicated.bam,0.05244
141,K0172,/mnt/BACKUP_NAS05/ECDTM_repository/align/10-K0172CT19T_M566-M766.deduplicated.bam,0.03327
142,K0173,/mnt/BACKUP_NAS05/ECDTM_repository/align/159-K0173CT13T_M584-M784.deduplicated.bam,0.05136
143,K0174,/mnt/BACKUP_NAS05/ECDTM_repository/align/160-K0174CT13T_M563-M763.deduplicated.bam,0.06833
144,K0175,/mnt/BACKUP_NAS05/ECDTM_repository/align/33-K0175CT16T_M564-M764.deduplicated.bam,0.0
145,K0176,/mnt/BACKUP_NAS05/ECDTM_repository/align/161-K0176CT13T_M565-M765.deduplicated.bam,0.06333
146,K0177,/mnt/BACKUP_NAS05/ECDTM_repository/align/162-K0177CT13T_M566-M766.deduplicated.bam,0.05396
147,K0178,/mnt/BACKUP_NAS05/ECDTM_repository/align/11-K0178CT19T_M567-M767.deduplicated.bam,0.03764
148,K0179,/mnt/BACKUP_NAS05/ECDTM_repository/align/163-K0179CT13T_M568-M768.deduplicated.bam,0.05831
149,K0180,/mnt/BACKUP_NAS05/ECDTM_repository/align/164-K0180CT13T_M569-M769.deduplicated.bam,0.0626
150,K0181,/mnt/BACKUP_NAS05/ECDTM_repository/align/165-K0181CT13T_M570-M770.deduplicated.bam,0.07411
151,K0183,/mnt/BACKUP_NAS05/ECDTM_repository/align/167-K0183CT13T_M572-M772.deduplicated.bam,0.04529
152,K0184,/mnt/BACKUP_NAS05/ECDTM_repository/align/203-K0184CT14T_M577-M777.deduplicated.bam,0.0
153,K0185,/mnt/BACKUP_NAS05/ECDTM_repository/align/204-K0185CT14T_M578-M778.deduplicated.bam,0.0
154,K0186,/mnt/BACKUP_NAS05/ECDTM_repository/align/12-K0186CT19T_M568-M768.deduplicated.bam,0.0
155,K0187,/mnt/BACKUP_NAS05/ECDTM_repository/align/205-K0187CT14T_M580-M780.deduplicated.bam,0.0228
156,K0189,/mnt/BACKUP_NAS05/ECDTM_repository/align/10-K0189CT15T_M582-M782.deduplicated.bam,0.04517
157,K0190,/mnt/BACKUP_NAS05/ECDTM_repository/align/11-K0190CT15T_M583-M783.deduplicated.bam,0.03121
158,K0191,/mnt/BACKUP_NAS05/ECDTM_repository/align/12-K0191CT15T_M584-M784.deduplicated.bam,0.04184
159,K0193,/mnt/BACKUP_NAS05/ECDTM_repository/align/13-K0193CT15T_M586-M786.deduplicated.bam,0.06973
160,K0194,/mnt/BACKUP_NAS05/ECDTM_repository/align/34-K0194CT16T_M573-M773.deduplicated.bam,0.05692
161,K0195,/mnt/BACKUP_NAS05/ECDTM_repo/ecdtm_research/align/4-K0195CT26T_M574-M774.deduplicated.bam,0.06362
162,K0197,/mnt/BACKUP_NAS05/ECDTM_repository/align/36-K0197CT16T_M576-M776.deduplicated.bam,0.0467
163,K0198,/mnt/BACKUP_NAS05/ECDTM_repository/align/37-K0198CT16T_M577-M777.deduplicated.bam,0.08268
164,K0200,/mnt/BACKUP_NAS05/ECDTM_repository/align/39-K0200CT16T_M579-M779.deduplicated.bam,0.0
165,K0201,/mnt/BACKUP_NAS05/ECDTM_repository/align/40-K0201CT16T_M580-M780.deduplicated.bam,0.03518
166,K0203,/mnt/BACKUP_NAS05/ECDTM_repository/align/6-K0203CT26T_M552-M752.deduplicated.bam,0.05179
167,K0205,/mnt/BACKUP_NAS05/ECDTM_repository/align/40-K0205KR1CT55T_M552-M752.deduplicated.bam,0.05138
168,K0206,/mnt/BACKUP_NAS05/ECDTM_repository/align/39-K0206CT17T_M555-M755.deduplicated.bam,0.08939
169,K0207,/mnt/BACKUP_NAS05/ECDTM_repository/align/40-K0207CT17T_M556-M756.deduplicated.bam,0.07901
170,K0208,/mnt/BACKUP_NAS05/ECDTM_repository/align/41-K0208CT17T_M557-M757.deduplicated.bam,0.05616
171,K0211,/mnt/BACKUP_NAS05/ECDTM_repository/align/42-K0211CT17T_M560-M760.deduplicated.bam,0.04436
172,K0212,/mnt/BACKUP_NAS05/ECDTM_repository/align/14-K0212CT15T_M561-M761.deduplicated.bam,0.05237
173,K0213,/mnt/BACKUP_NAS05/ECDTM_repository/align/15-K0213CT15T_M562-M762.deduplicated.bam,0.04245
174,K0215,/mnt/BACKUP_NAS05/ECDTM_repository/align/8-K0215CT26T_M564-M764.deduplicated.bam,0.06605
175,K0219,/mnt/BACKUP_NAS05/ECDTM_repository/align/16-K0219CT15T_M568-M768.deduplicated.bam,0.03161
176,K0222,/mnt/BACKUP_NAS05/ECDTM_repository/align/47-K0222CT16T_M571-M771.deduplicated.bam,0.1765
177,K0224,/mnt/BACKUP_NAS05/ECDTM_repository/align/41-K0224CT16T_M581-M781.deduplicated.bam,0.08426
178,K0227,/mnt/BACKUP_NAS05/ECDTM_repository/align/42-K0227CT16T_M584-M784.deduplicated.bam,0.05222
179,K0228,/mnt/BACKUP_NAS05/ECDTM_repository/align/43-K0228CT16T_M585-M785.deduplicated.bam,0.0854
180,K0229,/mnt/BACKUP_NAS05/ECDTM_repository/align/9-K0229CT26T_M586-M786.deduplicated.bam,0.0
181,K0231,/mnt/BACKUP_NAS05/ECDTM_repository/align/44-K0231CT16T_M588-M788.deduplicated.bam,0.1029
182,K0233,/mnt/BACKUP_NAS05/ECDTM_repository/align/45-K0233CT16T_M590-M790.deduplicated.bam,0.0
183,K0234,/mnt/BACKUP_NAS05/ECDTM_repository/align/46-K0234CT16T_M591-M791.deduplicated.bam,0.0
184,K0244,/mnt/BACKUP_NAS05/ECDTM_repository/align/44-K0244CT17T_M569-M769.deduplicated.bam,0.06923
185,K0247,/mnt/BACKUP_NAS05/ECDTM_repository/align/1-K0247CT19T_M550-M750.deduplicated.bam,0.05295
186,K0248,/mnt/GS_NAS05/ECDTM_repo/31102023/align/2-K0248CT28T_M551-M751.deduplicated.bam,0.1009
187,K0250,/mnt/BACKUP_NAS05/ECDTM_repository/align/2-K0250CT19T_M553-M753.deduplicated.bam,0.03119
188,K0253,/mnt/BACKUP_NAS05/ECDTM_repository/align/3-K0253CT19T_M556-M756.deduplicated.bam,0.0559
189,K0257,/mnt/BACKUP_NAS05/ECDTM_repository/align/5-K0257CT19T_M560-M760.deduplicated.bam,0.07404
190,K0258,/mnt/BACKUP_NAS05/ECDTM_repository/align/6-K0258CT19T_M561-M761.deduplicated.bam,0.0
191,K0259,/mnt/BACKUP_NAS05/ECDTM_repository/align/7-K0259CT19T_M562-M762.deduplicated.bam,0.05474
192,K0260,/mnt/BACKUP_NAS05/ECDTM_repository/align/12-K0260CT26T_M563-M763.deduplicated.bam,0.06047
193,K0261,/mnt/BACKUP_NAS05/ECDTM_repository/align/8-K0261CT19T_M564-M764.deduplicated.bam,0.0
194,K0270,/mnt/BACKUP_NAS05/ECDTM_repository/align/41-K0270CT20T_M561-M761.deduplicated.bam,0.0
195,K0271,/mnt/BACKUP_NAS05/ECDTM_repository/align/42-K0271CT20T_M562-M762.deduplicated.bam,0.04933
196,K0272,/mnt/BACKUP_NAS05/ECDTM_repository/align/K0272.deduplicated.bam,0.05961
197,K0273,/mnt/BACKUP_NAS05/ECDTM_repository/align/49-K0273CT21T_M564-M764.deduplicated.bam,0.0
198,K0274,/mnt/BACKUP_NAS05/ECDTM_repository/align/50-K0274CT21T_M565-M765.deduplicated.bam,0.02539
199,K0275,/mnt/BACKUP_NAS05/ECDTM_repository/align/51-K0275CT21T_M566-M766.deduplicated.bam,0.01728
200,K0277,/mnt/BACKUP_NAS05/ECDTM_repository/align/52-K0277CT21T_M573-M773.deduplicated.bam,0.02259
201,K0278,/mnt/BACKUP_NAS05/ECDTM_repository/align/53-K0278CT21T_M574-M774.deduplicated.bam,0.03498
202,K0279,/mnt/BACKUP_NAS05/ECDTM_repository/align/54-K0279CT21T_M575-M775.deduplicated.bam,0.02545
203,K0282,/mnt/BACKUP_NAS05/ECDTM_repository/align/55-K0282CT21T_M578-M778.deduplicated.bam,0.0348
204,K0283,/mnt/BACKUP_NAS05/ECDTM_repository/align/14-K0283CT26T_M585-M785.deduplicated.bam,0.05583
205,K0284,/mnt/BACKUP_NAS05/ECDTM_repository/align/43-K0284KR1CT55T_M555-M755.deduplicated.bam,0.06677
206,K0285,/mnt/BACKUP_NAS05/ECDTM_repository/align/56-K0285CT21T_M582-M782.deduplicated.bam,0.0173
207,K0286,/mnt/BACKUP_NAS05/ECDTM_repository/align/16-K0286CT26T_M583-M783.deduplicated.bam,0.05699
208,K0287,/mnt/BACKUP_NAS05/ECDTM_repository/align/57-K0287CT21T_M584-M784.deduplicated.bam,0.03121
209,K0288,/mnt/BACKUP_NAS05/ECDTM_repository/align/58-K0288CT21T_M579-M779.deduplicated.bam,0.02426
210,K0289,/mnt/BACKUP_NAS05/ECDTM_repository/align/59-K0289CT21T_M586-M786.deduplicated.bam,0.03369
211,K0291,/mnt/BACKUP_NAS05/ECDTM_repository/align/60-K0291CT21T_M589-M789.deduplicated.bam,0.0
212,K0292,/mnt/BACKUP_NAS05/ECDTM_repo/ecdtm_research/align/17-K0292CT26T_M590-M790.deduplicated.bam,0.06901
213,K0293,/mnt/BACKUP_NAS05/ECDTM_repository/align/61-K0293CT21T_M591-M791.deduplicated.bam,0.0282
214,K0294,/mnt/BACKUP_NAS05/ECDTM_repository/align/62-K0294CT21T_M592-M792.deduplicated.bam,0.04126
215,K0296,/mnt/BACKUP_NAS05/ECDTM_repository/align/18-K0296CT26T_M594-M794.deduplicated.bam,0.0
216,K0303,/mnt/BACKUP_NAS05/ECDTM_repo/ecdtm_research/align/4-K0303CT22T_M553-M753.deduplicated.bam,0.08017
217,K0304,/mnt/BACKUP_NAS05/ECDTM_repository/align/5-K0304CT22T_M554-M754.deduplicated.bam,0.07954
218,K0308,/mnt/BACKUP_NAS05/ECDTM_repository/align/8-K0308CT22T_M558-M758.deduplicated.bam,0.08307
219,K0311,/mnt/BACKUP_NAS05/ECDTM_repository/align/11-K0311CT22T_M561-M761.deduplicated.bam,0.0
220,K0312,/mnt/BACKUP_NAS05/ECDTM_repository/align/12-K0312CT22T_M562-M762.deduplicated.bam,0.07261
221,K0313,/mnt/BACKUP_NAS05/ECDTM_repository/align/13-K0313CT22T_M563-M763.deduplicated.bam,0.07274
222,K0357,/mnt/BACKUP_NAS05/ECDTM_repository/align/44-K0357KR1CT55T_M556-M756.deduplicated.bam,0.045
223,K0384,/mnt/BACKUP_NAS05/ECDTM_repository/align/3-K0384KR1CT59T_M571-M771.deduplicated.bam,0.05212
224,K0393,/mnt/BACKUP_NAS05/ECDTM_repository/align/4-K0393KR1CT59T_M572-M772.deduplicated.bam,0.0568
225,K0405,/mnt/BACKUP_NAS05/ECDTM_repository/align/35-K0405CT35T_M587-M787.deduplicated.bam,0.05243
226,K0407,/mnt/BACKUP_NAS05/ECDTM_repository/align/57-K0407KCT68T_M573-M773.deduplicated.bam,0.06051
227,K0410,/mnt/BACKUP_NAS05/ECDTM_repository/align/5-K0410CT36T_M553-M753.deduplicated.bam,0.03744
228,K0412,/mnt/BACKUP_NAS05/ECDTM_repository/align/7-K0412CT36T_M555-M755.deduplicated.bam,0.04267
229,K0413,/mnt/BACKUP_NAS05/ECDTM_repository/align/59-K0413KCT68T_M575-M775.deduplicated.bam,0.03722
230,K0423,/mnt/BACKUP_NAS05/ECDTM_repository/align/44-K0423CT35T_M556-M756.deduplicated.bam,0.02215
231,K0426,/mnt/BACKUP_NAS05/ECDTM_repository/align/47-K0426CT35T_M559-M759.deduplicated.bam,0.0
232,K0428,/mnt/BACKUP_NAS05/ECDTM_repository/align/9-K0428CT36T_M561-M761.deduplicated.bam,0.0
233,K0431,/mnt/BACKUP_NAS05/ECDTM_repository/align/12-K0431CT36T_M564-M764.deduplicated.bam,0.0
234,K0432,/mnt/BACKUP_NAS05/ECDTM_repository/align/13-K0432CT36T_M565-M765.deduplicated.bam,0.04961
235,K0433,/mnt/BACKUP_NAS05/ECDTM_repo/R1896/align/2-K0433CT37T_M566-M766.deduplicated.bam,0.05697
236,K0434,/mnt/BACKUP_NAS05/ECDTM_repository/align/14-K0434CT36T_M567-M767.deduplicated.bam,0.03631
237,K0437,/mnt/BACKUP_NAS05/ECDTM_repo/R1896/align/3-K0437CT37T_M570-M770.deduplicated.bam,0.07063
238,K0438,/mnt/BACKUP_NAS05/ECDTM_repo/R1896/align/4-K0438CT37T_M571-M771.deduplicated.bam,0.05
239,K0439,/mnt/BACKUP_NAS05/ECDTM_repo/R1896/align/5-K0439CT37T_M572-M772.deduplicated.bam,0.05586
240,K0441,/mnt/BACKUP_NAS05/ECDTM_repository/align/46-K0441KR1CT55T_M558-M758.deduplicated.bam,0.04888
241,K0443,/mnt/BACKUP_NAS05/ECDTM_repo/R1896/align/6-K0443CT37T_M560-M760.deduplicated.bam,0.04912
242,K0444,/mnt/BACKUP_NAS05/ECDTM_repo/R1896/align/7-K0444CT37T_M561-M761.deduplicated.bam,0.08421
243,K0445,/mnt/BACKUP_NAS05/ECDTM_repository/align/1-K0445CT42T_M562-M762.deduplicated.bam,0.03223
244,K0447,/mnt/BACKUP_NAS05/ECDTM_repo/R1896/align/8-K0447CT37T_M564-M764.deduplicated.bam,0.06949
245,K0449,/mnt/BACKUP_NAS05/ECDTM_repo/R1896/align/33-K0449CT38T_M566-M766.deduplicated.bam,0.06924
246,K0450,/mnt/BACKUP_NAS05/ECDTM_repo/R1896/align/9-K0450CT37T_M567-M767.deduplicated.bam,0.05031
247,K0451,/mnt/BACKUP_NAS05/ECDTM_repo/R1896/align/10-K0451CT37T_M559-M759.deduplicated.bam,0.08539
248,K0452,/mnt/BACKUP_NAS05/ECDTM_repo/R1896/align/34-K0452CT38T_M560-M760.deduplicated.bam,0.0567
249,K0453,/mnt/BACKUP_NAS05/ECDTM_repo/R1896/align/35-K0453CT38T_M561-M761.deduplicated.bam,0.1123
250,K0454,/mnt/BACKUP_NAS05/ECDTM_repo/R1896/align/11-K0454CT37T_M562-M762.deduplicated.bam,0.06843
251,K0455,/mnt/BACKUP_NAS05/ECDTM_repo/R1896/align/12-K0455CT37T_M563-M763.deduplicated.bam,0.07716
252,K0456,/mnt/BACKUP_NAS05/ECDTM_repo/R1896/align/36-K0456CT38T_M564-M764.deduplicated.bam,0.05272
253,K0457,/mnt/BACKUP_NAS05/ECDTM_repository/align/13-K0457CT37T_M565-M765.deduplicated.bam,0.0
254,K0459,/mnt/BACKUP_NAS05/ECDTM_repo/R1896/align/37-K0459CT38T_M567-M767.deduplicated.bam,0.07328
255,K0460,/mnt/BACKUP_NAS05/ECDTM_repo/R1896/align/14-K0460CT37T_M568-M768.deduplicated.bam,0.08037
256,K0461,/mnt/BACKUP_NAS05/ECDTM_repo/R1896/align/15-K0461CT37T_M569-M769.deduplicated.bam,0.0
257,K0462,/mnt/BACKUP_NAS05/ECDTM_repo/R1896/align/38-K0462CT38T_M570-M770.deduplicated.bam,0.05777
258,K0463,/mnt/BACKUP_NAS05/ECDTM_repo/R1896/align/39-K0463CT38T_M571-M771.deduplicated.bam,0.05116
259,K0464,/mnt/BACKUP_NAS05/ECDTM_repo/R1896/align/40-K0464CT38T_M572-M772.deduplicated.bam,0.07799
260,K0465,/mnt/BACKUP_NAS05/ECDTM_repository/align/16-K0465CT37T_M573-M773.deduplicated.bam,0.0
261,K0466,/mnt/BACKUP_NAS05/ECDTM_repo/R1896/align/41-K0466CT38T_M574-M774.deduplicated.bam,0.06252
262,K0467,/mnt/BACKUP_NAS05/ECDTM_repository/align/42-K0467CT38T_M575-M775.deduplicated.bam,0.08052
263,K0469,/mnt/BACKUP_NAS05/ECDTM_repo/R1896/align/44-K0469CT38T_M577-M777.deduplicated.bam,0.08256
264,K0470,/mnt/BACKUP_NAS05/ECDTM_repo/R1896/align/45-K0470CT38T_M578-M778.deduplicated.bam,0.05739
265,K0471,/mnt/BACKUP_NAS05/ECDTM_repo/R1896/align/46-K0471CT38T_M579-M779.deduplicated.bam,0.07018
266,K0472,/mnt/BACKUP_NAS05/ECDTM_repo/R1896/align/47-K0472CT38T_M580-M780.deduplicated.bam,0.0
267,K0474,/mnt/BACKUP_NAS05/ECDTM_repo/R1896/align/48-K0474CT38T_M582-M782.deduplicated.bam,0.1067
268,K0476,/mnt/BACKUP_NAS05/ECDTM_repository/align/60-K0476KCT68T_M576-M776.deduplicated.bam,0.05682
269,K0478,/mnt/BACKUP_NAS05/ECDTM_repository/align/4-K0478CT40T_M587-M787.deduplicated.bam,0.06528
270,K0480,/mnt/BACKUP_NAS05/ECDTM_repository/align/5-K0480KR1CT59T_M573-M773.deduplicated.bam,0.03848
271,K0483,/mnt/BACKUP_NAS05/ECDTM_repository/align/9-K0483CT40T_M592-M792.deduplicated.bam,0.04909
272,K0498,/mnt/BACKUP_NAS05/ECDTM_repository/align/6-K0498KR1CT59T_M574-M774.deduplicated.bam,0.04795
273,K0516,/mnt/BACKUP_NAS05/ECDTM_repository/align/61-K0516KCT68T_M577-M777.deduplicated.bam,0.0521
274,K0534,/mnt/BACKUP_NAS05/ECDTM_repository/align/4-K0534CT44T_M561-M761.deduplicated.bam,0.0
275,K0568,/mnt/BACKUP_NAS05/ECDTM_repository/align/40-K0568CT45T_M570-M770.deduplicated.bam,0.03382
276,K0571,/mnt/BACKUP_NAS05/ECDTM_repository/align/1-K0571CT48T_M573-M773.deduplicated.bam,0.03714
277,LBH001,/mnt/BACKUP_NAS05/ECDTM_repository/align/LBH001.deduplicated.bam,0.03776
278,LBH002,/mnt/BACKUP_NAS05/ECDTM_repo/Sub50_batch3/align/48-ZLBH002_M524-M724sub50c_R1_trim50_bismark_bt2_pe.deduplicated.bam,0.07412
279,LBH003,/mnt/BACKUP_NAS05/ECDTM_repository/align/LBH003.deduplicated.bam,0.03794
280,LBH004,/mnt/BACKUP_NAS05/ECDTM_repository/align/LBH004.deduplicated.bam,0.05093
281,LBH005,/mnt/BACKUP_NAS05/ECDTM_repository/align/LBH005.deduplicated.bam,0.0
282,LBH006,/mnt/BACKUP_NAS05/ECDTM_repository/align/LBH006.deduplicated.bam,0.03147
283,LBH007,/mnt/BACKUP_NAS05/ECDTM_repository/align/LBH007.deduplicated.bam,0.4056
284,LBH009,/mnt/BACKUP_NAS05/ECDTM_repository/align/LBH009.deduplicated.bam,0.0434
285,LBH010,/mnt/BACKUP_NAS05/ECDTM_repository/align/LBH010.deduplicated.bam,0.01717
286,LBH011,/mnt/BACKUP_NAS05/ECDTM_repo/Sub50_batch3/align/54-ZLBH011_M508-M708sub50c_R1_trim50_bismark_bt2_pe.deduplicated.bam,0.03337
287,LBH012,/mnt/BACKUP_NAS05/ECDTM_repo/Sub75a/align/4-LBH012_M504-M704sub75a_R1_trim50_bismark_bt2_pe.deduplicated.bam,0.02279
288,LBH013,/mnt/BACKUP_NAS05/ECDTM_repository/align/LBH013.deduplicated.bam,0.02005
289,LBH019,/mnt/BACKUP_NAS05/ECDTM_repository/align/LBH019.deduplicated.bam,0.0
290,LBH024,/mnt/BACKUP_NAS05/ECDTM_repository/align/LBH024.deduplicated.bam,0.04856
291,LBH026,/mnt/BACKUP_NAS05/ECDTM_repository/align/LBH026.deduplicated.bam,0.02937
292,LBH027,/mnt/BACKUP_NAS05/ECDTM_repository/align/LBH027.deduplicated.bam,0.05103
293,LBH028,/mnt/BACKUP_NAS05/ECDTM_repository/align/LBH028.deduplicated.bam,0.03627
294,LBH030,/mnt/BACKUP_NAS05/ECDTM_repository/align/LBH030.deduplicated.bam,0.02883
295,LBH031,/mnt/BACKUP_NAS05/ECDTM_repository/align/LBH031.deduplicated.bam,0.02882
296,LBH032,/mnt/BACKUP_NAS05/ECDTM_repository/align/LBH032.deduplicated.bam,0.06175
297,LBH033,/mnt/BACKUP_NAS05/ECDTM_repository/align/LBH033.deduplicated.bam,0.2455
298,LBH034,/mnt/BACKUP_NAS05/ECDTM_repository/align/LBH034.deduplicated.bam,0.03287
299,LBH035,/mnt/BACKUP_NAS05/ECDTM_repository/align/LBH035.deduplicated.bam,0.05141
300,LBH036,/mnt/BACKUP_NAS05/ECDTM_repository/align/LBH036.deduplicated.bam,0.04532
301,LBH037,/mnt/BACKUP_NAS05/ECDTM_repository/align/LBH037.deduplicated.bam,0.09827
302,LBH038,/mnt/BACKUP_NAS05/ECDTM_repository/align/1-ZLBH038_M501-M701.deduplicated.bam,0.135
303,LBH039,/mnt/BACKUP_NAS05/ECDTM_repository/align/2-ZLBH039_M502-M702.deduplicated.bam,0.1658
304,LBH040,/mnt/BACKUP_NAS05/ECDTM_repository/align/1-ZLBH040_M513-M713_R1.fastq.p1.gz_bismark_bt2_pe.deduplicated.bam,0.03234
305,LBH041,/mnt/BACKUP_NAS05/ECDTM_repository/align/4-ZLBH041_M504-M704.deduplicated.bam,0.2334
306,LBH042,/mnt/BACKUP_NAS05/ECDTM_repository/align/5-ZLBH042_M505-M705.deduplicated.bam,0.2018
307,LBH045,/mnt/BACKUP_NAS05/ECDTM_repository/align/8-ZLBH045_M508-M708.deduplicated.bam,0.07986
308,LBH047,/mnt/BACKUP_NAS05/ECDTM_repository/align/10-ZLBH047_M510-M710.deduplicated.bam,0.1342
309,LBH048,/mnt/BACKUP_NAS05/ECDTM_repository/align/2-ZLBH048_M514-M714_R1.fastq.p1.gz_bismark_bt2_pe.deduplicated.bam,0.07998
310,LBH049,/mnt/BACKUP_NAS05/ECDTM_repo/Sub50_batch3/align/14-ZLBH049_M514-M714sub50c_R1_trim50_bismark_bt2_pe.deduplicated.bam,0.1628
311,LBH050,/mnt/BACKUP_NAS05/ECDTM_repository/align/3-ZLBH050_M515-M715_R1.fastq.p1.gz_bismark_bt2_pe.deduplicated.bam,0.03836
312,LBH051,/mnt/BACKUP_NAS05/ECDTM_repository/align/4-ZLBH051_M516-M716_R1.fastq.p1.gz_bismark_bt2_pe.deduplicated.bam,0.0
313,LBH054,/mnt/BACKUP_NAS05/ECDTM_repo/Sub75_batch2/align/19-ZLBH054_M519-M719sub75b_R1_trim50_bismark_bt2_pe.deduplicated.bam,0.125
314,LBH055,/mnt/BACKUP_NAS05/ECDTM_repository/align/20-ZLBH055_M520-M720.deduplicated.bam,0.0492
315,LBH056,/mnt/BACKUP_NAS05/ECDTM_repo/Sub75a/align/21-ZLBH056_M521-M721sub75a_R1_trim50_bismark_bt2_pe.deduplicated.bam,0.0976
316,LBM001,/mnt/BACKUP_NAS05/ECDTM_repo/Sub75_batch2/align/1-ZLBM001_M501-M701sub75b_R1_trim50_bismark_bt2_pe.deduplicated.bam,0.08035
317,LBM002,/mnt/BACKUP_NAS05/ECDTM_repo/Sub50_batch3/align/2-ZLBM002_M502-M702sub50c_R1_trim50_bismark_bt2_pe.deduplicated.bam,0.0
318,LBM004,/mnt/BACKUP_NAS05/ECDTM_repository/align/2-ZLBM004_M502-M702_R1.fastq.p1.gz_bismark_bt2_pe.deduplicated.bam,0.1491
319,LBM005,/mnt/BACKUP_NAS05/ECDTM_repository/align/1-ZLBM005_M519-M719_R1.fastq.p1.gz_bismark_bt2_pe.deduplicated.bam,0.08715
320,LBM006,/mnt/BACKUP_NAS05/ECDTM_repo/Sub75a/align/2-ZLBM006_M520-M720sub75a_R1_trim50_bismark_bt2_pe.deduplicated.bam,0.08168
321,LBM007,/mnt/BACKUP_NAS05/ECDTM_repository/align/5-ZLBM007_M505-M705_R1.fastq.p1.gz_bismark_bt2_pe.deduplicated.bam,0.2354
322,LBM009,/mnt/BACKUP_NAS05/ECDTM_repository/align/6-ZLBM009_M506-M706_R1.fastq.p1.gz_bismark_bt2_pe.deduplicated.bam,0.195
323,LBM010,/mnt/BACKUP_NAS05/ECDTM_repository/align/7-ZLBM010_M507-M707_R1.fastq.p1.gz_bismark_bt2_pe.deduplicated.bam,0.2622
324,LBM011,/mnt/BACKUP_NAS05/ECDTM_repository/align/8-ZLBM011_M508-M708_R1.fastq.p1.gz_bismark_bt2_pe.deduplicated.bam,0.1716
325,LBM015,/mnt/BACKUP_NAS05/ECDTM_repository/align/15-ZLBM015_M515-M715_R1.fastq.p1.gz_bismark_bt2_pe.deduplicated.bam,0.2079
326,LBM016,/mnt/BACKUP_NAS05/ECDTM_repo/Sub75a/align/29-ZLBM016_M513-M713sub75a_R1_trim50_bismark_bt2_pe.deduplicated.bam,0.1507
327,LBM018,/mnt/BACKUP_NAS05/ECDTM_repo/Sub50_batch3/align/30-ZLBM018_M514-M714sub50c_R1_trim50_bismark_bt2_pe.deduplicated.bam,0.159
328,LBM021,/mnt/BACKUP_NAS05/ECDTM_repository/align/17-ZLBM021_M517-M717_R1.fastq.p1.gz_bismark_bt2_pe.deduplicated.bam,0.1701
329,LBM022,/mnt/BACKUP_NAS05/ECDTM_repository/align/LBM022.deduplicated.bam,0.1416
330,LBM023,/mnt/BACKUP_NAS05/ECDTM_repository/align/3-ZLBM023_M521-M721_R1.fastq.p1.gz_bismark_bt2_pe.deduplicated.bam,0.07966
331,LBM025,/mnt/BACKUP_NAS05/ECDTM_repo/Sub50_batch3/align/19-ZLBM025_M519-M719sub50c_R1_trim50_bismark_bt2_pe.deduplicated.bam,0.2267
332,LBM028,/mnt/BACKUP_NAS05/ECDTM_repository/align/LBM028.deduplicated.bam,0.1288
333,LBM030,/mnt/BACKUP_NAS05/ECDTM_repository/align/1-ZLBM030_M501-M701_R1.fastq.p1.gz_bismark_bt2_pe.deduplicated.bam,0.1119
334,LBM031,/mnt/BACKUP_NAS05/ECDTM_repository/align/12-ZLBM031_M514-M714_R1.fastq.p1.gz_bismark_bt2_pe.deduplicated.bam,0.1012
335,LBM033,/mnt/BACKUP_NAS05/ECDTM_repository/align/LBM033.deduplicated.bam,0.1117
336,LBM036,/mnt/BACKUP_NAS05/ECDTM_repository/align/6-ZLBM036_M524-M724_R1.fastq.p1.gz_bismark_bt2_pe.deduplicated.bam,0.09893
337,LBM037,/mnt/BACKUP_NAS05/ECDTM_repository/align/LBM037.deduplicated.bam,0.217
338,LBM038,/mnt/BACKUP_NAS05/ECDTM_repository/align/LBM038.deduplicated.bam,0.1283
339,LBM039,/mnt/BACKUP_NAS05/ECDTM_repository/align/13-ZLBM039_M517-M717_R1.fastq.p1.gz_bismark_bt2_pe.deduplicated.bam,0.07862
340,LBM040,/mnt/BACKUP_NAS05/ECDTM_repository/align/14-ZLBM040_M518-M718_R1.fastq.p1.gz_bismark_bt2_pe.deduplicated.bam,0.123
341,LBM043,/mnt/BACKUP_NAS05/ECDTM_repository/align/15-ZLBM043_M519-M719_R1.fastq.p1.gz_bismark_bt2_pe.deduplicated.bam,0.135
342,LBM045,/mnt/BACKUP_NAS05/ECDTM_repository/align/3-ZLBM045_M503-M703_R1.fastq.p1.gz_bismark_bt2_pe.deduplicated.bam,0.1128
343,LBM047,/mnt/BACKUP_NAS05/ECDTM_repository/align/16-ZLBM047_M520-M720_R1.fastq.p1.gz_bismark_bt2_pe.deduplicated.bam,0.1263
344,LBM049,/mnt/BACKUP_NAS05/ECDTM_repository/align/4-ZLBM049_M504-M704_R1.fastq.p1.gz_bismark_bt2_pe.deduplicated.bam,0.05164
345,LBM050,/mnt/BACKUP_NAS05/ECDTM_repository/align/17-ZLBM050_M521-M721_R1.fastq.p1.gz_bismark_bt2_pe.deduplicated.bam,0.08709
346,LBM051,/mnt/BACKUP_NAS05/ECDTM_repository/align/1-ZLBM051_M504-M704_R1.fastq.p1.gz_bismark_bt2_pe.deduplicated.bam,0.05479
347,LBM052,/mnt/BACKUP_NAS05/ECDTM_repository/align/18-ZLBM052_M522-M722_R1.fastq.p1.gz_bismark_bt2_pe.deduplicated.bam,0.1751
348,LBM053,/mnt/BACKUP_NAS05/ECDTM_repository/align/LBM053.deduplicated.bam,0.2036
349,LBM054,/mnt/BACKUP_NAS05/ECDTM_repo/TestECD_20X/align/5-ZLBM054_M506-M706.deduplicated.bam,0.06797
350,LBM056,/mnt/BACKUP_NAS05/ECDTM_repo/Sub50_batch3/align/37-ZLBM056_M521-M721sub50c_R1_trim50_bismark_bt2_pe.deduplicated.bam,0.2093
351,LBM057,/mnt/BACKUP_NAS05/ECDTM_repository/align/6-ZLBM057_M507-M707_R1.fastq.p1.gz_bismark_bt2_pe.deduplicated.bam,0.119
352,LBM058,/mnt/BACKUP_NAS05/ECDTM_repository/align/7-ZLBM058_M508-M708_R1.fastq.p1.gz_bismark_bt2_pe.deduplicated.bam,0.08281
353,LBM059,/mnt/BACKUP_NAS05/ECDTM_repository/align/19-ZLBM059_M523-M723_R1.fastq.p1.gz_bismark_bt2_pe.deduplicated.bam,0.08185
354,LBM060,/mnt/BACKUP_NAS05/ECDTM_repository/align/20-ZLBM060_M524-M724_R1.fastq.p1.gz_bismark_bt2_pe.deduplicated.bam,0.09122
355,LBM061,/mnt/BACKUP_NAS05/ECDTM_repository/align/8-ZLBM061_M509-M709_R1.fastq.p1.gz_bismark_bt2_pe.deduplicated.bam,0.0
356,LBM063,/mnt/BACKUP_NAS05/ECDTM_repository/align/6-ZLBM063_M509-M709_R1.fastq.p1.gz_bismark_bt2_pe.deduplicated.bam,0.2181
357,LBM064,/mnt/BACKUP_NAS05/ECDTM_repository/align/7-ZLBM064_M510-M710_R1.fastq.p1.gz_bismark_bt2_pe.deduplicated.bam,0.08305
358,LBM065,/mnt/BACKUP_NAS05/ECDTM_repository/align/8-ZLBM065_M511-M711_R1.fastq.p1.gz_bismark_bt2_pe.deduplicated.bam,0.0
359,LBM067,/mnt/BACKUP_NAS05/ECDTM_repository/align/9-ZLBM067_M512-M712_R1.fastq.p1.gz_bismark_bt2_pe.deduplicated.bam,0.0594
360,LBM069,/mnt/BACKUP_NAS05/ECDTM_repository/align/10-ZLBM069_M513-M713_R1.fastq.p1.gz_bismark_bt2_pe.deduplicated.bam,0.05956
361,LBM070,/mnt/BACKUP_NAS05/ECDTM_repository/align/LBM070.deduplicated.bam,0.1931
362,LBM072,/mnt/BACKUP_NAS05/ECDTM_repository/align/11-ZLBM072_M514-M714_R1.fastq.p1.gz_bismark_bt2_pe.deduplicated.bam,0.0
363,LBM073,/mnt/BACKUP_NAS05/ECDTM_repository/align/12-ZLBM073_M515-M715_R1.fastq.p1.gz_bismark_bt2_pe.deduplicated.bam,0.06524
364,LBM074,/mnt/BACKUP_NAS05/ECDTM_repo/R5468/align/43-LBM074CT746T_M510-M710.deduplicated.bam,0.1681
365,LBM076,/mnt/BACKUP_NAS05/ECDTM_repo/R5468/align/44-LBM076CT746T_M511-M711.deduplicated.bam,0.3597
366,LBM078,/mnt/BACKUP_NAS05/ECDTM_repository/align/6-ZLBM078ME97B_M519-M719_R1.fastq.p1.gz_bismark_bt2_pe.deduplicated.bam,0.7822
367,LBM079,/mnt/BACKUP_NAS05/ECDTM_repository/align/15-ZLBM079_M520-M720_R1.fastq.p1.gz_bismark_bt2_pe.deduplicated.bam,0.06481
368,LBM083,/mnt/BACKUP_NAS05/ECDTM_repo/Sub50_batch3/align/39-ZLBM083_M523-M723sub50c_R1_trim50_bismark_bt2_pe.deduplicated.bam,0.3351
369,LBM084,/mnt/BACKUP_NAS05/ECDTM_repository/align/10-ZLBM084_M511-M711_R1.fastq.p1.gz_bismark_bt2_pe.deduplicated.bam,0.1206
370,LBM087,/mnt/BACKUP_NAS05/ECDTM_repository/align/16-ZLBM087_M524-M724_R1.fastq.p1.gz_bismark_bt2_pe.deduplicated.bam,0.0
371,LBM088,/mnt/BACKUP_NAS05/ECDTM_repository/align/11-ZLBM088_M512-M712_R1.fastq.p1.gz_bismark_bt2_pe.deduplicated.bam,0.1397
372,LBM095,/mnt/BACKUP_NAS05/ECDTM_repository/align/4-ZLBM095_M518-M718_R1.fastq.p1.gz_bismark_bt2_pe.deduplicated.bam,0.08666
373,LBM096,/mnt/BACKUP_NAS05/ECDTM_repo/Sub75a/align/5-ZLBM096_M521-M721sub75a_R1_trim50_bismark_bt2_pe.deduplicated.bam,0.1006
374,LBM097,/mnt/BACKUP_NAS05/ECDTM_repository/align/6-ZLBM097_M522-M722_R1.fastq.p1.gz_bismark_bt2_pe.deduplicated.bam,0.04187
375,LBM098,/mnt/BACKUP_NAS05/ECDTM_repo/Sub75a/align/7-ZLBM098_M523-M723sub75a_R1_trim50_bismark_bt2_pe.deduplicated.bam,0.05071
376,LBM105,/mnt/BACKUP_NAS05/ECDTM_repository/align/1-ZLBM105_M501-M701_R1.fastq.p1.gz_bismark_bt2_pe.deduplicated.bam,0.08162
377,LBM111,/mnt/BACKUP_NAS05/ECDTM_repository/align/2-ZLBM111_M502-M702_R1.fastq.p1.gz_bismark_bt2_pe.deduplicated.bam,0.09675
378,LBM113,/mnt/BACKUP_NAS05/ECDTM_repository/align/3-ZLBM113_M503-M703_R1.fastq.p1.gz_bismark_bt2_pe.deduplicated.bam,0.03978
379,LBM119,/mnt/BACKUP_NAS05/ECDTM_repo/Sub50_batch3/align/2-ZLBM119_M506-M706sub50c_R1_trim50_bismark_bt2_pe.deduplicated.bam,0.07722
380,LBM124,/mnt/BACKUP_NAS05/ECDTM_repository/align/3-ZLBM124_M516-M716_R1.fastq.p1.gz_bismark_bt2_pe.deduplicated.bam,0.03942
381,LBM126,/mnt/BACKUP_NAS05/ECDTM_repository/align/4-ZLBM126_M507-M707_R1.fastq.p1.gz_bismark_bt2_pe.deduplicated.bam,0.06813
382,LBM127,/mnt/BACKUP_NAS05/ECDTM_repository/align/5-ZLBM127_M508-M708_R1.fastq.p1.gz_bismark_bt2_pe.deduplicated.bam,0.05375
383,LBM133,/mnt/BACKUP_NAS05/ECDTM_repository/align/19-ZLBM133ME105_M581-M781_R1.fastq.p1.gz_bismark_bt2_pe.deduplicated.bam,0.04559
384,LBM135,/mnt/BACKUP_NAS05/ECDTM_repository/align/10-ZLBM135ME81_M510-M710_R1.fastq.p1.gz_bismark_bt2_pe.deduplicated.bam,0.06988
385,LBM137,/mnt/BACKUP_NAS05/ECDTM_repository/align/18-ZLBM137ME86_M506-M706_R1.fastq.p1.gz_bismark_bt2_pe.deduplicated.bam,0.07422
386,LBM140,/mnt/BACKUP_NAS05/ECDTM_repository/align/11-ZLBM140ME81_M511-M711_R1.fastq.p1.gz_bismark_bt2_pe.deduplicated.bam,0.05159
387,LBM144,/mnt/BACKUP_NAS05/ECDTM_repository/align/1-ZLBM144ME86_M513-M713_R1.fastq.p1.gz_bismark_bt2_pe.deduplicated.bam,0.04079
388,LBM145,/mnt/BACKUP_NAS05/ECDTM_repository/align/19-ZLBM145ME86_M507-M707_R1.fastq.p1.gz_bismark_bt2_pe.deduplicated.bam,0.2854
389,LBM147,/mnt/BACKUP_NAS05/ECDTM_repository/align/2-ZLBM147ME86_M514-M714_R1.fastq.p1.gz_bismark_bt2_pe.deduplicated.bam,0.04749
390,LBM149,/mnt/BACKUP_NAS05/ECDTM_repository/align/3-ZLBM149ME86_M515-M715_R1.fastq.p1.gz_bismark_bt2_pe.deduplicated.bam,0.03756
391,LBM150,/mnt/BACKUP_NAS05/ECDTM_repository/align/4-ZLBM150ME86_M516-M716_R1.fastq.p1.gz_bismark_bt2_pe.deduplicated.bam,0.06322
392,LBM151,/mnt/BACKUP_NAS05/ECDTM_repository/align/5-ZLBM151ME86_M517-M717_R1.fastq.p1.gz_bismark_bt2_pe.deduplicated.bam,0.02817
393,LBM152,/mnt/BACKUP_NAS05/ECDTM_repository/align/6-ZLBM152ME86_M518-M718_R1.fastq.p1.gz_bismark_bt2_pe.deduplicated.bam,0.05988
394,LBM154,/mnt/BACKUP_NAS05/ECDTM_repository/align/7-ZLBM154ME86_M519-M719_R1.fastq.p1.gz_bismark_bt2_pe.deduplicated.bam,0.0493
395,LBM159,/mnt/BACKUP_NAS05/ECDTM_repository/align/8-ZLBM159ME86_M520-M720_R1.fastq.p1.gz_bismark_bt2_pe.deduplicated.bam,0.07983
396,LBM161,/mnt/BACKUP_NAS05/ECDTM_repository/align/9-ZLBM161ME86_M521-M721_R1.fastq.p1.gz_bismark_bt2_pe.deduplicated.bam,0.05536
397,LBM164,/mnt/BACKUP_NAS05/ECDTM_repository/align/10-ZLBM164ME86_M522-M722_R1.fastq.p1.gz_bismark_bt2_pe.deduplicated.bam,0.04294
398,LBM166,/mnt/BACKUP_NAS05/ECDTM_repository/align/11-ZLBM166ME86_M523-M723_R1.fastq.p1.gz_bismark_bt2_pe.deduplicated.bam,0.05749
399,LBM168,/mnt/BACKUP_NAS05/ECDTM_repository/align/12-ZLBM168ME86_M524-M724_R1.fastq.p1.gz_bismark_bt2_pe.deduplicated.bam,0.0429
400,LBM169,/mnt/BACKUP_NAS05/ECDTM_repository/align/13-ZLBM169ME86_M501-M701_R1.fastq.p1.gz_bismark_bt2_pe.deduplicated.bam,0.05969
401,LBM171,/mnt/BACKUP_NAS05/ECDTM_repository/align/14-ZLBM171ME86_M502-M702_R1.fastq.p1.gz_bismark_bt2_pe.deduplicated.bam,0.04591
402,LBM172,/mnt/BACKUP_NAS05/ECDTM_repo/R5468/align/41-LBM172CT746T_M508-M708.deduplicated.bam,0.1585
403,LBM173,/mnt/BACKUP_NAS05/ECDTM_repository/align/15-ZLBM173ME86_M503-M703_R1.fastq.p1.gz_bismark_bt2_pe.deduplicated.bam,0.05632
404,LBM175,/mnt/BACKUP_NAS05/ECDTM_repository/align/16-ZLBM175ME86_M504-M704_R1.fastq.p1.gz_bismark_bt2_pe.deduplicated.bam,0.03385
405,LBM187,/mnt/BACKUP_NAS05/ECDTM_repo/R5468/align/47-LBM187CT746T_M514-M714.deduplicated.bam,0.1092
406,LBM189,/mnt/BACKUP_NAS05/ECDTM_repository/align/22-ZLBM189ME86_M510-M710_R1.fastq.p1.gz_bismark_bt2_pe.deduplicated.bam,0.07399
407,LBM194,/mnt/BACKUP_NAS05/ECDTM_repo/TestECD_20X/align/23-ZLBM194ME86_M511-M711.deduplicated.bam,0.07436
408,LBM196,/mnt/BACKUP_NAS05/ECDTM_repository/align/24-ZLBM196ME86_M512-M712_R1.fastq.p1.gz_bismark_bt2_pe.deduplicated.bam,0.0869
409,LBM204,/mnt/BACKUP_NAS05/ECDTM_repo/R5468/align/46-LBM204CT746T_M513-M713.deduplicated.bam,0.1431
410,LBM205,/mnt/BACKUP_NAS05/ECDTM_repository/align/6-ZLBM205ME89_M541-M741_R1.fastq.p1.gz_bismark_bt2_pe.deduplicated.bam,0.08746
411,LBM210,/mnt/BACKUP_NAS05/ECDTM_repository/align/7-ZLBM210ME89_M542-M742_R1.fastq.p1.gz_bismark_bt2_pe.deduplicated.bam,0.04406
412,LBM213,/mnt/BACKUP_NAS05/ECDTM_repository/align/9-ZLBM213ME89_M544-M744_R1.fastq.p1.gz_bismark_bt2_pe.deduplicated.bam,0.0383
413,ZLBM001,/mnt/BACKUP_NAS05/ECDTM_repo/Sub75_batch2/align/1-ZLBM001_M501-M701sub75b_R1_trim50_bismark_bt2_pe.deduplicated.bam,0.08035
414,ZLBM002,/mnt/BACKUP_NAS05/ECDTM_repo/Sub50_batch3/align/2-ZLBM002_M502-M702sub50c_R1_trim50_bismark_bt2_pe.deduplicated.bam,0.0
415,ZCRCC4,/mnt/BACKUP_NAS05/ECDTM_repository/align/1-ZCRCC4_M501-M701_R1.fastq.p1.gz_bismark_bt2_pe.deduplicated.bam,0.06647
416,ZCRCC5,/mnt/BACKUP_NAS05/ECDTM_repository/align/2-ZCRCC5_M502-M702_R1.fastq.p1.gz_bismark_bt2_pe.deduplicated.bam,0.07987
417,ZCRCC6,/mnt/BACKUP_NAS05/ECDTM_repository/align/3-ZCRCC6_M503-M703_R1.fastq.p1.gz_bismark_bt2_pe.deduplicated.bam,0.06375
418,ZCRCC7,/mnt/BACKUP_NAS05/ECDTM_repo/Sub50_batch3/align/4-ZCRCC7_M504-M704sub50c_R1_trim50_bismark_bt2_pe.deduplicated.bam,0.06678
419,ZCRCC8,/mnt/BACKUP_NAS05/ECDTM_repository/align/5-ZCRCC8_M505-M705_R1.fastq.p1.gz_bismark_bt2_pe.deduplicated.bam,0.08358
420,ZCRCC9,/mnt/BACKUP_NAS05/ECDTM_repository/align/8-ZCRCC96_M508-M708_R1.fastq.p1.gz_bismark_bt2_pe.deduplicated.bam,0.04594
421,ZCRCC11,/mnt/BACKUP_NAS05/ECDTM_repository/align/6-ZCRCC113_M518-M718_R1.fastq.p1.gz_bismark_bt2_pe.deduplicated.bam,0.0
422,ZCRCC96,/mnt/BACKUP_NAS05/ECDTM_repository/align/8-ZCRCC96_M508-M708_R1.fastq.p1.gz_bismark_bt2_pe.deduplicated.bam,0.04594
423,ZCRCC97,/mnt/BACKUP_NAS05/ECDTM_repository/align/9-ZCRCC97_M509-M709_R1.fastq.p1.gz_bismark_bt2_pe.deduplicated.bam,0.0
424,ZCRCC100,/mnt/BACKUP_NAS05/ECDTM_repository/align/10-ZCRCC100_M510-M710_R1.fastq.p1.gz_bismark_bt2_pe.deduplicated.bam,0.1098
425,ZCRCC101,/mnt/BACKUP_NAS05/ECDTM_repository/align/11-ZCRCC101_M511-M711_R1.fastq.p1.gz_bismark_bt2_pe.deduplicated.bam,0.08298
426,ZCRCC103,/mnt/BACKUP_NAS05/ECDTM_repository/align/12-ZCRCC103_M512-M712_R1.fastq.p1.gz_bismark_bt2_pe.deduplicated.bam,0.05091
427,ZCRCC104,/mnt/BACKUP_NAS05/ECDTM_repository/align/13-ZCRCC104_M513-M713_R1.fastq.p1.gz_bismark_bt2_pe.deduplicated.bam,0.07488
428,ZCRCC106,/mnt/BACKUP_NAS05/ECDTM_repository/align/14-ZCRCC106_M514-M714_R1.fastq.p1.gz_bismark_bt2_pe.deduplicated.bam,0.08852
429,ZCRCC107,/mnt/BACKUP_NAS05/ECDTM_repository/align/15-ZCRCC107_M515-M715_R1.fastq.p1.gz_bismark_bt2_pe.deduplicated.bam,0.05969
430,ZMG069AME116T,/mnt/BACKUP_NAS05/ECDTM_repository/align/13-ZMG069AME116T_M572-M772.deduplicated.bam,0.06081
431,ZMG073AME116T,/mnt/BACKUP_NAS05/ECDTM_repository/align/16-ZMG073AME116T_M571-M771.deduplicated.bam,0.05423
432,ZMB003B,/mnt/GS_NAS05/ECDTM_repo/test_batch_Moss_Dor/align/4-ZMB003BME107_M564-M764.deduplicated.bam,0.03075
